{"cameraMode":{"drawMode":0,"name":"Shaded","section":"Shading Mode"},"sceneLighting":true,"audioPlay":false,"sceneViewState":{"showFog":true,"showMaterialUpdate":false,"showSkybox":true,"showFlares":true,"showImageEffects":true,"showParticleSystems":true,"showVisualEffectGraphs":true,"m_FxEnabled":true},"in2DMode":false,"pivot":{"x":-7.413217544555664,"y":-3.7147884368896486,"z":-5.269095420837402},"rotation":{"x":-0.695997953414917,"y":0.0015055639669299126,"z":-0.0014600310241803527,"w":-0.7180420756340027},"size":6.9904704093933109,"orthographic":false}