{"cameraMode":{"drawMode":0,"name":"Shaded","section":"Shading Mode"},"sceneLighting":false,"audioPlay":false,"sceneViewState":{"showFog":true,"showMaterialUpdate":false,"showSkybox":false,"showFlares":true,"showImageEffects":true,"showParticleSystems":true,"showVisualEffectGraphs":true,"m_FxEnabled":true},"in2DMode":false,"pivot":{"x":-29.137603759765626,"y":3.055572509765625,"z":0.25704479217529299},"rotation":{"x":-0.12710979580879212,"y":-0.07372801750898361,"z":0.009474390186369419,"w":-0.9890996217727661},"size":3.324744939804077,"orthographic":false}