{"cameraMode":{"drawMode":0,"name":"Shaded","section":"Shading Mode"},"sceneLighting":true,"audioPlay":false,"sceneViewState":{"showFog":true,"showMaterialUpdate":false,"showSkybox":true,"showFlares":true,"showImageEffects":true,"showParticleSystems":true,"showVisualEffectGraphs":true,"m_FxEnabled":true},"in2DMode":false,"pivot":{"x":-13.529304504394532,"y":-10.513360977172852,"z":2.9488396644592287},"rotation":{"x":0.5170172452926636,"y":-0.05895768478512764,"z":0.03574909269809723,"w":0.8531808257102966},"size":10.249099731445313,"orthographic":false}